USE beEJibun
GO

-- MASTER

Insert into MsCustomer Values
('CU001','Abraham Jeremy','Male','081314178745', '2020-11-29'),
('CU002','Markus Liga','Male','081289078675', '2020-01-05'),
('CU003','Christina Lim','female','081748273847', '1999-03-12'),
('CU004','Timoty Christopher','Male','081348598375', '1999-04-03'),
('CU005','Stefanny Grace','Female','081314259857', '2021-01-05'),
('CU006','Hilman Christopher','Male','083849303935', '2010-12-02'),
('CU007','Stefi Raharja','Female','081718938521', '1998-07-30'),
('CU008','Don Diablo','Male','080989476530', '2002-02-02'),
('CU009','Alea Angelica','Female','081438456599', '1998-02-20'),
('CU010','Dika Hartono','Male','081256738940', '2010-05-20')

Insert Into MsItemType VALUES
('IP001','Plastic'),
('IP002','Wood'),
('IP003','Paper'),
('IP004','Gadgets'),
('IP005','Electronic'),
('IP006','Food'),
('IP007','Glass'),
('IP008','Drink'),
('IP009','Rubber'),
('IP010','Iron')

Insert Into MsStaff Values
('ST001','Gerrad','Male','081728479823',200000),
('ST002','Mike','Male','080983948562',300000),
('ST003','Faris','Male','081374057493',400000),
('ST004','Putri','Female','088493029375',250000),
('ST005','Felis','Female','081839263791',350000),
('ST006','Geraldy','Male','081263847624', 470000),
('ST007','Jonathan','Male','081222364793', 400000),
('ST008','Gaga','Male','081422635256', 550000),
('ST009','Sofi','Female','081377394865', 500000),
('ST010','Ariana','Female','082833647693', 250000)

Insert into MsItem Values
('IT001','IP007','Mirror', 25000, 5),
('IT002','IP001','Drinking Bottle', 20000, 1),
('IT003','IP003','HVS', 50000, 100),
('IT004','IP004','Handphone', 10000, 2),
('IT005','IP005','TV', 15000, 2),
('IT006','IP002','Chair', 200000, 2),
('IT007','IP006','Fried Banana', 50000, 6),
('IT008','IP008','Sweet Ice Tea', 70000, 3),
('IT009','IP006','Pizza', 50000, 1),
('IT010','IP009','Tire', 10000, 1),
('IT011','IP008','Soda', 70000, 3),
('IT012','IP010','Pole', 100000, 2),
('IT013','IP005','Radio', 700000, 3),
('IT014','IP004','Laptop', 7000000, 1),
('IT015','IP006','Sushi', 50000, 8),
('IT016','IP006','Steak', 100000, 10)

Insert Into MsVendor Values
('VE001','Racika','082637499825','Food Street','Racika1@gmail.com'),
('VE002','MsGlow','081725367456','Bersama Street','MsGloww@data.com'),
('VE003','Nuvu','082353649821','Food Street','Nuvou@gs.com'),
('VE004','Sinarmak','082526487581','BSD Raya Street','Sinarmis_Jaya@gs.com'),
('VE005','BCC','082637499825','Gading Raya Street','BCC_ku@data.com'),
('VE006','Panasnic','084536271321','Alam Raya Street','Panasnic13@data.com'),
('VE007','Jatijaya','085655324356','Food Street','Jatijayamakmur@data.com'),
('VE008','Dunlope','088988564323','Food Street','Dunlopelope@gs.com'),
('VE009','Acera','082533445390','Food Street','Aceraja@gmail.com'),
('VE010','Tiangku','089411414756','Bintaro Jaya Street','Tiangku123@data.com')

-- TRANSACTION

INSERT INTO Purchase VALUES
('PH001','ST002','VE010','2020-10-10','2020-10-15'),
('PH002','ST010','VE005','2020-05-03',NULL),
('PH003','ST003','VE010','2005-07-20','2005-07-20'),
('PH004','ST006','VE007','2003-01-04','2003-02-04'),
('PH005','ST008','VE010','2016-12-18','2016-12-20'),
('PH006','ST001','VE001','2021-04-25',NULL),
('PH007','ST007','VE008','2020-12-25',NULL),
('PH008','ST009','VE002','2013-08-15','2014-08-15'),
('PH009','ST004','VE004','2018-09-22','2020-09-15'),
('PH010','ST005','VE006','2008-04-28','2008-05-28'),
('PH011','ST010','VE003','2020-04-29','2021-01-12'),
('PH012','ST002','VE009','2021-02-14',NULL),
('PH013','ST007','VE001','2020-02-12',NULL),
('PH014','ST001','VE002','2019-06-09',NULL),
('PH015','ST006','VE004','2012-12-20','2015-01-17'),
('PH016','ST009','VE003','2020-11-20','2020-11-29'),
('PH017','ST005','VE003','2020-11-20','2020-11-29'),
('PH018','ST008','VE009','2021-04-17',NULL),
('PH019','ST002','VE010','2019-06-07','2019-10-07'),
('PH020','ST001','VE006','2018-01-01','2018-10-01')

INSERT INTO SalesTransaction VALUES
('SA001','CU001','ST009','2019-01-02'),
('SA002','CU005','ST001','2020-11-20'),
('SA003','CU002','ST004','2021-06-17'),
('SA004','CU003','ST003','2019-10-08'),
('SA005','CU010','ST008','2020-03-05'),
('SA006','CU007','ST006','2020-02-12'),
('SA007','CU004','ST004','2021-01-02'),
('SA008','CU008','ST002','2019-04-23'),
('SA009','CU009','ST001','2020-09-09'),
('SA010','CU006','ST003','2019-10-10'),
('SA011','CU007','ST005','2019-01-02'),
('SA012','CU004','ST010','2021-07-16'),
('SA013','CU003','ST007','2020-03-26'),
('SA014','CU008','ST001','2021-01-19'),
('SA015','CU010','ST004','2020-04-20'),
('SA016','CU002','ST004','2021-11-20'),
('SA017','CU001','ST007','2021-11-12'),
('SA018','CU008','ST009','2019-11-18'),
('SA019','CU010','ST010','2021-11-20'),
('SA020','CU007','ST003','2019-04-04')

-- TRANSACTION DETAILS

INSERT INTO SalesTransactionDetails VALUES
('SA001','IT003',500),
('SA002','IT002',125),
('SA002','IT007',51),
('SA003','IT005',176),
('SA004','IT006',42),
('SA005','IT003',431),
('SA005','IT006',213),
('SA006','IT001',145),
('SA007','IT002',98),
('SA008','IT007',75),
('SA008','IT008',135),
('SA009','IT005',321),
('SA010','IT003',654),
('SA010','IT010',211),
('SA011','IT010',156),
('SA012','IT004',432),
('SA013','IT001',987),
('SA014','IT001',765),
('SA015','IT003',100),
('SA016','IT004',215),
('SA017','IT006',135),
('SA018','IT008',290),
('SA018','IT009',156),
('SA019','IT010',532),
('SA020','IT003',311)

INSERT INTO PurchaseDetails VALUES
('PH001','IT001',150),
('PH002','IT002',95),
('PH002','IT005',5),
('PH003','IT009',17),
('PH004','IT006',4),
('PH005','IT003',12),
('PH005','IT008',21),
('PH006','IT001',140),
('PH007','IT002',290),
('PH008','IT007',7),
('PH008','IT008',13),
('PH009','IT005',24),
('PH010','IT008',4),
('PH010','IT010',95),
('PH011','IT001',60),
('PH012','IT004',32),
('PH013','IT009',70),
('PH014','IT001',5),
('PH015','IT003',10),
('PH016','IT004',15),
('PH017','IT006',13),
('PH018','IT008',65),
('PH018','IT009',15),
('PH019','IT010',130),
('PH020','IT003',21)
